INSERT INTO Hotels (name, city, rating) VALUES 
('Hotel Struma', 'Pernik', 3.0),
('Grand Hotel London', 'Varna', 5.0),
('Hotel Trimontium Princess', 'Plovdiv', 4.0),
('Hotel Marinela Sofia', 'Sofia', 4.5),
('Hotel Yantra', 'Veliko Tarnovo', 4.3),
('Hotel Bulgaria Burgas', 'Burgas', 4.5),
('Hotel Balkan', 'Gabrovo', 3.5),
('Grand Hotel Riga', 'Ruse', 4.2),
('Hotel Ezeretz', 'Blagoevgrad', 4.0),
('Hotel Dobrudja', 'Dobrich', 3.0),
('Hotel Varosha', 'Lovech', 3.5),
('Hotel Hebros', 'Plovdiv', 4.8),
('Hotel Splendid', 'Varna', 4.0),
('Hotel Rila', 'Sofia', 3.2),
('Hotel Anel', 'Sofia', 4.6),
('Hotel Panorama', 'Varna', 4.2),
('Hotel Imperial', 'Plovdiv', 4.6),
('Hotel Crystal Palace', 'Sofia', 4.4),
('Hotel Orbita', 'Blagoevgrad', 3.8),
('Hotel Mirage', 'Burgas', 4.0),
('Hotel Aqua', 'Varna', 4.1),
('Hotel Etar', 'Veliko Tarnovo', 3.8),
('Hotel Balkan', 'Gabrovo', 3.5),
('Hotel Cosmopolitan', 'Ruse', 4.3),
('Hotel Monte Cristo', 'Blagoevgrad', 4.2),
('Hotel Elbrus', 'Velingrad', 4.6),
('Hotel Festa', 'Sofia', 4.3),
('Grand Hotel Millennium Sofia', 'Sofia', 5.0),
('Astor Garden Hotel', 'Varna', 5.0),
('Residence City Garden', 'Plovdiv', 5.0),
('Palace Hotel', 'Varna', 5.0),
('Premier Luxury Mountain Resort', 'Bansko', 5.0),
('International Hotel Casino & Tower Suites', 'Varna', 5.0),
('Grand Hotel Bansko', 'Blagoevgrad', 4.8),
('Grand Hotel Pomorie', 'Burgas', 4.7),
('Ramada Plaza Thraki', 'Ruse', 4.7);

INSERT INTO Rooms (hotel_id, room_type, price_per_night) VALUES 
(1, 'Double', 80.00),
(1, 'Suite', 150.50),
(2, 'Standard', 65.00),
(3, 'Deluxe', 120.75),
(4, 'Single', 55.00),
(5, 'Twin', 70.25),
(6, 'Penthouse', 300.00),
(7, 'Suite', 180.50),
(8, 'Deluxe', 135.00),
(9, 'Standard', 75.50),
(10, 'Single', 50.00),
(11, 'Twin', 90.00),
(12, 'Suite', 200.00),
(13, 'Double', 85.00),
(14, 'Penthouse', 400.00),
(15, 'Deluxe', 175.50),
(16, 'Standard', 70.00),
(17, 'Twin', 95.25),
(18, 'Single', 45.00),
(19, 'Suite', 210.00),
(20, 'Deluxe', 140.00),
(21, 'Standard', 80.50),
(22, 'Twin', 100.00),
(23, 'Double', 75.50),
(24, 'Penthouse', 350.00),
(25, 'Suite', 190.50),
(26, 'Deluxe', 125.00),
(27, 'Single', 60.00),
(28, 'Twin', 85.00),
(29, 'Standard', 78.50),
(30, 'Suite', 220.00),
(31, 'Double', 95.00),
(32, 'Deluxe', 145.00),
(33, 'Standard', 85.75),
(34, 'Single', 58.00),
(35, 'Twin', 98.25),
(36, 'Penthouse', 370.00),
(7, 'Suite', 195.50),
(5, 'Deluxe', 130.00),
(10, 'Single', 65.00),
(20, 'Twin', 88.00),
(25, 'Standard', 82.50),
(30, 'Suite', 230.00),
(28, 'Double', 105.00),
(31, 'Penthouse', 390.00),
(29, 'Deluxe', 160.50),
(27, 'Standard', 77.00),
(15, 'Twin', 92.25),
(18, 'Single', 50.00),
(12, 'Suite', 250.00),
(9, 'Deluxe', 155.00),
(3, 'Standard', 90.50),
(1, 'Twin', 110.00),
(22, 'Double', 85.50),
(4, 'Penthouse', 420.00),
(6, 'Suite', 195.00),
(8, 'Deluxe', 150.00),
(11, 'Standard', 95.00),
(13, 'Single', 62.00),
(14, 'Twin', 105.00),
(16, 'Penthouse', 410.00),
(17, 'Suite', 205.00),
(19, 'Deluxe', 160.00),
(21, 'Standard', 85.00),
(23, 'Single', 57.00),
(26, 'Twin', 95.00),
(28, 'Penthouse', 430.00),
(30, 'Suite', 240.00),
(32, 'Deluxe', 165.00),
(34, 'Standard', 88.00),
(36, 'Single', 55.00);

INSERT INTO Guests (first_name, last_name, email, UCN) VALUES
('Иван', 'Петров', 'ivan.petrov@example.com', 901234567),
('Георги', 'Иванов', 'georgi.ivanov@example.com', 902345678),
('Мария', 'Димитрова', 'maria.dimitrova@example.com', 903456789),
('Николай', 'Симеонов', 'nikolay.simeonov@example.com', 904567890),
('Елена', 'Кирилова', 'elena.kirilova@example.com', 905678901),
('Димитър', 'Александров', 'dimitur.alexandrov@example.com', 906789012),
('Стефан', 'Георгиев', 'stefan.georgiev@example.com', 907890123),
('Радослав', 'Миланов', 'radoslav.milanov@example.com', 908901234),
('Анна', 'Стоянова', 'anna.stoyanova@example.com', 909012345),
('Кристина', 'Николова', 'kristina.nikolova@example.com', 910123456),
('Борис', 'Тодоров', 'boris.todorov@example.com', 911234567),
('Златомир', 'Василев', 'zlatomir.vasilev@example.com', 912345678),
('Петър', 'Ганев', 'petur.ganev@example.com', 913456789),
('Теодора', 'Илиева', 'teodora.ilieva@example.com', 914567890),
('Мартин', 'Йорданов', 'martin.yordanov@example.com', 915678901),
('Александра', 'Славова', 'aleksandra.slavova@example.com', 916789012),
('Красимир', 'Колев', 'krasimir.kolev@example.com', 917890123),
('Росица', 'Дочева', 'rositsa.docheva@example.com', 918901234),
('Тихомир', 'Станчев', 'tihomir.stanchev@example.com', 919012345),
('Лилия', 'Христова', 'liliya.hristova@example.com', 920123456),
('Светослав', 'Вълчев', 'svetoslav.vulchev@example.com', 921234567),
('Галя', 'Божилова', 'galya.bozhilova@example.com', 922345678),
('Йоан', 'Златев', 'yoan.zlatev@example.com', 923456789),
('Валентин', 'Добрев', 'valentin.dobrev@example.com', 924567890),
('Полина', 'Груева', 'polina.grueva@example.com', 925678901),
('Христо', 'Караджов', 'hristo.karadjov@example.com', 926789012),
('Живко', 'Асенов', 'zhivko.asenov@example.com', 927890123),
('Ивелина', 'Павлова', 'ivelina.pavlova@example.com', 928901234),
('Веселин', 'Трифонов', 'veselin.trifonov@example.com', 929012345),
('Силвия', 'Мартинова', 'silviya.martinova@example.com', 930123456),
('Андрей', 'Радев', 'andrey.radev@example.com', 931234567),
('Марина', 'Петрова', 'marina.petrov@example.com', 932345678),
('Роман', 'Колев', 'roman.kolev@example.com', 933456789),
('Виктория', 'Георгиева', 'victoria.georgieva@example.com', 934567890),
('Даниел', 'Попов', 'daniel.popov@example.com', 935678901),
('Симона', 'Михайлова', 'simona.mihaylova@example.com', 936789012),
('Михаил', 'Атанасов', 'mihail.atanasov@example.com', 937890123),
('Боян', 'Захариев', 'boyan.zahariev@example.com', 938901234),
('Нина', 'Иванова', 'nina.ivanova@example.com', 939012345),
('Томас', 'Пейчев', 'thomas.peichev@example.com', 940123456),
('Ирена', 'Костова', 'irena.kostova@example.com', 941234567),
('Росанна', 'Василева', 'rosanna.vasileva@example.com', 942345678),
('Антон', 'Димитров', 'anton.dimitrov@example.com', 943456790),
('Стефания', 'Тодорова', 'stefania.todorova@example.com', 944567891),
('Калоян', 'Тодоров', 'kaloyan.todorov@example.com', 945678902),
('Василиса', 'Мирчева', 'vasilisa.mircheva@example.com', 946789013),
('Никола', 'Павлов', 'nikola.pavlov@example.com', 947890124),
('Ренета', 'Иванова', 'reneta.ivanova@example.com', 948901235),
('Филип', 'Колев', 'filip.kolev@example.com', 949012346),
('Тимур', 'Николов', 'timur.nikolov@example.com', 950123457),
('Райна', 'Димова', 'rayna.dimova@example.com', 951234568),
('Георги', 'Богданов', 'georgi.bogdanov@example.com', 952345679),
('Албена', 'Симеонова', 'albena.simeonova@example.com', 953456790),
('Петя', 'Георгиева', 'petya.georgieva@example.com', 954567892),
('Лазар', 'Тошев', 'lazar.toshev@example.com', 955678903);

INSERT INTO Bookings (customer_id, room_id, check_in, check_out, phone_number)
VALUES
(1, 2, '2025-02-01', '2025-02-04', 1234567890),
(2, 5, '2025-01-02', '2025-01-06', 2345678901),
(3, 8, '2025-05-03', '2025-05-07', 3456789012),
(4, 12, '2025-02-01', '2025-02-04', 4567890123),
(5, 16, '2025-02-02', '2025-02-05', 5678901234),
(6, 18, '2025-02-03', '2025-02-06', 6789012345),
(7, 22, '2025-03-04', '2025-03-07', 7890123456),
(8, 25, '2025-05-01', '2025-05-03', 8901234567),
(9, 27, '2025-06-02', '2025-06-06', 9012345678),
(10, 31, '2025-06-03', '2025-06-07', 1122334455),
(11, 35, '2025-08-01', '2025-08-03', 2233445566),
(12, 38, '2025-02-02', '2025-02-05', 3344556677),
(13, 41, '2025-03-04', '2025-03-07', 4455667788),
(14, 42, '2025-06-01', '2025-06-05', 5566778899),
(15, 44, '2025-07-02', '2025-07-05', 6677889900),
(16, 45, '2025-09-03', '2025-09-06', 7788990011),
(17, 3, '2025-09-01', '2025-09-04', 8899001122),
(18, 6, '2025-011-02', '2025-011-06', 9900112233),
(19, 9, '2025-07-01', '2025-07-04', 1011122334),
(20, 11, '2025-010-03', '2025-010-07', 2122233345),
(21, 13, '2025-02-02', '2025-02-06', 3233344456),
(22, 15, '2025-02-01', '2025-02-03', 4344455567);

INSERT INTO bookings_guests (booking_id, guest_id)
VALUES
(1, 23),
(1, 24),

(2, 25),

(3, 26),
(3, 27),

(4, 28),
(4, 29),
(4, 30),

(5, 31),

(6, 32),
(6, 33),

(7, 34),
(7, 35),

(8, 36),

(9, 37),
(9, 38),

(10, 39),
(10, 40),
(10, 41),

(11, 42),

(12, 43),
(12, 44),
(12, 45),

(13, 46),

(14, 47),
(14, 48),

(15, 49),

(16, 50),
(16, 51),
(16, 52),

(17, 53),

(18, 54),
(18, 55);

INSERT INTO Services (name, price) VALUES
('Room Cleaning', 25.00),
('Laundry Service', 15.50),
('Dry Cleaning', 20.75),
('Minibar', 12.00),
('Breakfast Buffet', 18.99),
('Lunch Buffet', 25.99),
('Dinner Buffet', 35.99),
('Airport Shuttle', 40.00),
('Car Rental', 60.00),
('Valet Parking', 10.00),
('Spa Treatment', 75.50),
('Massage Therapy', 50.00),
('Facial Treatment', 45.99),
('Gym Access', 10.00),
('Swimming Pool Access', 8.00),
('Jacuzzi Access', 15.00),
('Sauna Access', 20.00);

INSERT INTO service_hotel (service_id, hotel_id) VALUES
(3, 1), (1, 1), (13, 1),
(1, 2), (14, 2), (16, 2),
(7, 3), (5, 3), (14, 3),
(3, 4), (5, 4), (2, 4),
(2, 5), (16, 5), (11, 5),
(2, 6), (13, 6), (1, 6),
(8, 7), (2, 7), (10, 7),
(13, 8), (1, 8), (14, 8),
(10, 9), (4, 9), (15, 9),
(12, 10), (1, 10), (2, 10),
(8, 11), (3, 11), (10, 11),
(5, 12), (1, 12), (8, 12),
(8, 13), (15, 13), (7, 13),
(15, 14), (6, 14), (17, 14),
(11, 15), (14, 15), (13, 15),
(1, 16), (16, 16), (11, 16),
(12, 17), (10, 17), (7, 17),
(4, 18), (12, 18), (7, 18),
(4, 19), (14, 19), (16, 19),
(11, 20), (8, 20), (15, 20),
(3, 21), (11, 21), (1, 21),
(1, 22), (9, 22), (13, 22),
(7, 23), (2, 23), (8, 23),
(10, 24), (12, 24), (9, 24),
(5, 25), (14, 25), (9, 25),
(16, 26), (17, 26), (5, 26),
(5, 27), (17, 27), (3, 27),
(5, 28), (3, 28), (4, 28),
(3, 29), (16, 29), (14, 29),
(1, 30), (4, 30), (10, 30),
(2, 31), (6, 31), (10, 31),
(15, 32), (13, 32), (12, 32),
(8, 33), (2, 33), (3, 33),
(1, 34), (17, 34), (2, 34),
(15, 35), (7, 35), (13, 35),
(17, 36), (8, 36), (4, 36);

INSERT INTO Orders (booking_id, service_id) VALUES
(1,13), (1,1),
(2,3), (2,2), (2,5),
(3,8), (3,10),
(4,3), 
(5,14), 
(6,7), (6,12),
(7,1), (7,11),
(8,9), (8,10), (8,12),
(9,5), (9,17),
(10,4), 
(11,2), (11,17),
(12,10), (12,8),(12,2),
(13,15), (13,11),
(14,14), 
(15,3), (15,4),
(16,6), (16,10),(16,2),
(17,14), (17,1),
(18,16), 
(19,13), (19,1), (19,14),
(20,2), (20,12),
(21,8),
(22,15), (22,17);